iter	Logloss
0	0.6663596106
1	0.6446730837
2	0.6224985532
3	0.6017692609
4	0.5869000823
5	0.5730889387
